Snow cover,EMS-Deciduous,EMS-Hemlock,EMS-Mixed,EMS-Red pine plantation,EMS-Wetlands,HEM-Deciduous,HEM-Hemlock,HEM-Mixed,HEM-Red pine plantation,HEM-Wetlands
Snow,0.521603787,0.247064709,0.081096801,0.084258382,0.06597632,0.360824236,0.136138113,0.049534993,0.149928071,0.303574586
Intermitent snow,0.537956216,0.234016876,0.076015868,0.090168313,0.061842727,0.36418525,0.141412057,0.048684694,0.147354462,0.298363538
No snow,0.554308646,0.220969042,0.070934936,0.096078243,0.057709133,0.367546264,0.146686,0.047834394,0.144780852,0.293152489
